n_boot,seed,test_n,metric,point,p025,p50,p975
2000,0,116,MAE,0.0022192616222742453,0.001560543644807747,0.0021935661314101533,0.0029794506468445022
2000,0,116,RMSE,0.004563471314815905,0.003330522178967193,0.004508661487168384,0.005731331750564284
2000,0,116,R2,0.9446803066533117,0.9172369552589169,0.9450089501531956,0.9679464178585289
