n_boot,seed,test_n,metric,point,p025,p50,p975
2000,0,287,MAE,0.0005348675526263265,0.00042946774899055095,0.0005362040925154428,0.0006561944435740287
2000,0,287,RMSE,0.0011093291264385277,0.000899826938909003,0.0011124060592153941,0.0013196528928225448
2000,0,287,R2,0.9883030446693706,0.9828786542122131,0.9882150346192644,0.9923053260890261
