file,test_fraction,train_n,test_n,MAE,RMSE,R2
F03-4_7logs.txt,0.15,1219.0,216.0,0.0002786909281791512,0.0004899808189801186,0.99393419275975
F03-4_7logs.txt,0.2,1148.0,287.0,0.0005348675526263265,0.0011093291264385277,0.9883030446693706
F03-4_7logs.txt,0.25,1076.0,359.0,0.00039890719171635145,0.0008981493607810406,0.9931627801783907
