file,test_fraction,max_depth,MAE,RMSE,R2
F03-4_7logs.txt,0.2,4,0.0005263083151044048,0.0010919191819567023,0.9886673104883456
F03-4_7logs.txt,0.2,6,0.0005348675526263265,0.0011093291264385277,0.9883030446693706
F03-4_7logs.txt,0.2,8,0.0005330522476743105,0.0011015715806293289,0.988466066432903
