test_well_file,train_n,test_n,MAE,RMSE,R2
F02-1_7logs.txt,3595,445,0.003104515990658303,0.004602614218008902,0.9599835234011792
F03-2_7logs.txt,2456,1584,0.0003018417854769574,0.0011291715668026844,0.9963828280623865
F03-4_7logs.txt,2605,1435,0.00010537734835998095,0.00038714967385476793,0.9992833050251262
F06-1_7logs.txt,3464,576,0.00013184578281520077,0.0002177848371457732,0.9998446477550382
