column,n,n_unique,tie_row_fraction,max_multiplicity
GR,1435,1110,0.2975609756097561,23
Vc,1435,1110,0.2975609756097561,23
