,AC,Rho_b,AI,Vp,GR,Vc,Porosity
AC,1.0,-0.9999994099412485,-0.9991352883984577,-0.9991399574048535,-0.18748306880025073,-0.17305207149238486,0.9999993839191058
Rho_b,-0.9999994099412485,1.0,0.9991342428703847,0.9991387552993405,0.18748302276436835,0.1730521421432182,-0.9999999790628746
AI,-0.9991352883984577,0.9991342428703847,1.0,0.9999961661874228,0.16996384555215063,0.15588737705815586,-0.999134082863399
Vp,-0.9991399574048535,0.9991387552993405,0.9999961661874228,1.0,0.1701208908523284,0.15604015147937605,-0.9991386142246229
GR,-0.18748306880025073,0.18748302276436835,0.16996384555215063,0.1701208908523284,1.0,0.993456804508885,-0.18747900125048556
Vc,-0.17305207149238486,0.1730521421432182,0.15588737705815586,0.15604015147937605,0.993456804508885,1.0,-0.17304807118769525
Porosity,0.9999993839191058,-0.9999999790628746,-0.999134082863399,-0.9991386142246229,-0.18747900125048556,-0.17304807118769525,1.0
