,AC,Rho_b,AI,Vp,GR,Vc,Porosity
AC,1.0,-0.9999853100673642,-0.9999887703699354,-0.9999970889938299,-0.29917569628362917,-0.29917569628362917,0.9999836185520448
Rho_b,-0.9999853100673642,1.0,0.9999874317396977,0.9999865950170561,0.29928328916389335,0.29928328916389335,-0.9999964206822801
AI,-0.9999887703699354,0.9999874317396977,1.0,0.9999900315281757,0.29909351114707255,0.29909351114707255,-0.9999892183857365
Vp,-0.9999970889938299,0.9999865950170561,0.9999900315281757,1.0,0.2991216974358839,0.2991216974358839,-0.9999849034995839
GR,-0.29917569628362917,0.29928328916389335,0.29909351114707255,0.2991216974358839,1.0,1.0,-0.29935476326984317
Vc,-0.29917569628362917,0.29928328916389335,0.29909351114707255,0.2991216974358839,1.0,1.0,-0.29935476326984317
Porosity,0.9999836185520448,-0.9999964206822801,-0.9999892183857365,-0.9999849034995839,-0.29935476326984317,-0.29935476326984317,1.0
