,AC,Rho_b,AI,Vp,GR,Vc,Porosity
AC,1.0,-0.9999917459181727,-0.9999915276323855,-0.9999984913237818,-0.11992052648151688,-0.11992052648151688,0.9999908595840831
Rho_b,-0.9999917459181727,1.0,0.9999904158746592,0.9999923956794945,0.12000618156632752,0.12000618156632752,-0.999997911594435
AI,-0.9999915276323855,0.9999904158746592,1.0,0.9999920332259948,0.11979465704223582,0.11979465704223582,-0.9999916169188667
Vp,-0.9999984913237818,0.9999923956794945,0.9999920332259948,1.0,0.11987929537677161,0.11987929537677161,-0.9999915073143094
GR,-0.11992052648151688,0.12000618156632752,0.11979465704223582,0.11987929537677161,1.0,1.0,-0.12007656710199441
Vc,-0.11992052648151688,0.12000618156632752,0.11979465704223582,0.11987929537677161,1.0,1.0,-0.12007656710199441
Porosity,0.9999908595840831,-0.999997911594435,-0.9999916169188667,-0.9999915073143094,-0.12007656710199441,-0.12007656710199441,1.0
