,AC,Rho_b,AI,Vp,GR,Vc,Porosity
AC,1.0,-0.999999285363615,-0.9992023683590803,-0.9992079374814434,-0.33638859297852025,-0.33520919353719464,0.9999992522936003
Rho_b,-0.999999285363615,1.0,0.9992025444141562,0.9992078723564789,0.3363777181852803,0.33519806711512423,-0.9999999758694854
AI,-0.9992023683590803,0.9992025444141562,1.0,0.9999953805893282,0.32350012615263213,0.32304815563421896,-0.999202164679356
Vp,-0.9992079374814434,0.9992078723564789,0.9999953805893282,1.0,0.32368474069716485,0.32322303000902075,-0.9992075109319414
GR,-0.33638859297852025,0.3363777181852803,0.32350012615263213,0.32368474069716485,1.0,0.9937362297959899,-0.33637221650396837
Vc,-0.33520919353719464,0.33519806711512423,0.32304815563421896,0.32322303000902075,0.9937362297959899,1.0,-0.3351924936743336
Porosity,0.9999992522936003,-0.9999999758694854,-0.999202164679356,-0.9992075109319414,-0.33637221650396837,-0.3351924936743336,1.0
