feature,mutual_info_porosity
AC,5.301451342938862
Rho_b,5.4293132711495105
AI,5.277056217902742
Vp,5.299715346606453
GR,0.5157788246283195
Vc,0.5129625352181288
