feature,mutual_info_porosity
AC,5.540773560714034
Rho_b,5.669853771211627
AI,5.515183900161258
Vp,5.526519573319595
GR,0.501569659328581
Vc,0.5039418534695028
