PC_index,explained_variance_ratio,cumulative_explained_variance
1,0.7274827485138394,0.7274827485138394
2,0.2712369828814511,0.9987197313952905
3,0.0010528665314309433,0.9997725979267215
4,0.00022651706240649666,0.999999114989128
5,7.665312598885508e-07,0.9999998815203879
6,1.1847961221200062e-07,1.0
