feature,importance_mean,importance_std
AC,1.2978011946686798,0.06399794808055234
Rho_b,0.049933963899190206,0.004696737621881941
AI,0.005602034326843159,0.001015778068830297
Vp,2.8733052915552725e-05,3.4149399874095858e-06
Vc,0.0,0.0
GR,-0.000914814847535026,0.0003314859228897906
