feature,VIF
AC,703051.5672809458
Rho_b,702899.7050974095
AI,109266.20570191208
Vp,109653.62891671588
GR,83.28140716127004
Vc,82.02165831791464
