feature,VIF
AC,851259.1670986598
Rho_b,849851.5931569291
AI,131270.36128610748
Vp,131618.1867735188
GR,79.25853044434135
Vc,78.06753436404685
